flag,jour,commentaire
,31-08-2020,
,07-09-2020,
,14-09-2020,
,21-09-2020,
,28-09-2020,
,05-10-2020,
,12-10-2020,
$,19-10-2020,Vacances de Toussaint ?
$,26-10-2020,Vacances de Toussaint ?
,02-11-2020,
,09-11-2020,
,16-11-2020,
,23-11-2020,
,30-11-2020,
,07-12-2020,
,14-12-2020,
$,21-12-2020,Vacances de Noël
$,04-01-2021,Vacances Noël
,11-01-2021,
,18-01-2021,
,25-01-2021,
,01-02-2021,
,08-02-2021,Vacances de février ?
,15-02-2021,Vacances de février ?
,22-02-2021,Vacances de février ?
,01-03-2021,Vacances de février ?
,08-03-2021,
,15-03-2021,
,22-03-2021,
,29-03-2021,
,05-04-2021,
,12-04-2021,Vacances de Pâques ?
,19-04-2021,Vacances de Pâques ?
,26-04-2021,Vacances de Pâques ?
,03-05-2021,Vacances de Pâques ?
,10-05-2021,
,17-05-2021,
,24-05-2021,
,31-05-2021,
,07-06-2021,
,14-06-2021,
,21-06-2021,
,28-06-2021,
,05-07-2021,
